site_web;nom_restaurant;ville;code_postal;score_anciennete;non_responsive;sans_https;techno;copyright;indices_anciennete
http://lesalondevauban.fr;Salon de Vauban;;;11;oui;oui;microsoft frontpage 4.0;2025;constructeur obsolète | balises désuètes: <font>,bgcolor | non responsive | pas de HTTPS
http://restaurantmogador.free.fr;Mogador;;;10;oui;oui;editplus;2012;balises désuètes: <center>,bgcolor | non responsive | pas de HTTPS | copyright 2012
http://restaurantlecalife.free.fr;Le Calife;;;10;oui;oui;—;2018;balises désuètes: <font>,bgcolor | non responsive | pas de HTTPS | copyright 2018
http://paradice.fr;Le Paradice;;;10;oui;oui;lmsoft web creator pro, version:8.0.0.22;2005;balises désuètes: <font> | non responsive | pas de HTTPS | copyright 2005
http://issytokyo.fr;Issy Tokyo;;;10;oui;oui;—;1999;balises désuètes: <font> | non responsive | pas de HTTPS | copyright 1999
http://le.pont.de.thorey.free.fr;Restaurant du Pont de Thorey;;;10;oui;oui;izispot 4.20 (www.izispot.com);2008;balises désuètes: <font>,bgcolor | non responsive | pas de HTTPS | copyright 2008
http://anatolie-durum.fr;Anatolie Dürüm;;;10;non;oui;wordpress 5.4.20;2020;WordPress 5 | balises désuètes: <font> | pas de HTTPS | copyright 2020
http://rossini.pizzeria.free.fr;Rossini;;;10;oui;oui;incomedia website x5 evolution evolution 8.0.9 - www.website;2009;balises désuètes: <center> | non responsive | pas de HTTPS | copyright 2009
http://aubergedestours.free.fr;Auberge des Tours;;;10;oui;oui;—;2010;balises désuètes: bgcolor | non responsive | pas de HTTPS | copyright 2010
http://prixfixe.net;Prix Fixe;;;10;oui;oui;—;2019;balises désuètes: bgcolor | non responsive | pas de HTTPS | copyright 2019
http://ya-souvlaki.com;Ya Souvlaki;;;10;oui;oui;—;2015;balises désuètes: <font>,bgcolor | non responsive | pas de HTTPS | copyright 2015
http://pizzalezard.com;Pizza Lezard;;;10;oui;oui;—;1999;balises désuètes: <font>,<center>,bgcolor | non responsive | pas de HTTPS | copyright 1999
http://mercadante.free.fr;Le Mercadante;;;8;oui;oui;microsoft frontpage express 2.0;—;constructeur obsolète | non responsive | pas de HTTPS
http://lagaletiere.free.fr;La Galétière;;;8;oui;oui;—;—;balises désuètes: <font>,bgcolor | non responsive | pas de HTTPS
http://denboerenweg.free.fr;Estaminet den Boeren Weg;;;8;oui;oui;namo webeditor v5.0;—;balises désuètes: bgcolor | non responsive | pas de HTTPS
http://sushi-nagoya.fr/;Nagoya Sushi;;;8;oui;oui;—;2022;balises désuètes: bgcolor | non responsive | pas de HTTPS
http://christophe.boitrand.free.fr;L'Amaryllis;;;8;oui;oui;—;2026;balises désuètes: <center> | non responsive | pas de HTTPS
http://delices-du-sommelier.fr;Les Délices du Sommelier;;;8;oui;oui;—;—;balises désuètes: <font> | non responsive | pas de HTTPS
https://www.le-dominion.fr/;Le Dominion;;;8;oui;non;—;2019;balises désuètes: <center> | non responsive | copyright 2019
https://pizza-dimario.fr;Pizza Di Mario;;;8;oui;non;—;2019;balises désuètes: <center> | non responsive | copyright 2019
https://bagatellelerestaurant.fr;Les Jardins de Bagatelle;;;8;non;non;wordpress 4.9.30;2020;WordPress 4 | balises désuètes: <center> | copyright 2020
https://www.vertmont.fr/;Auberge du Vert Mont;;;8;oui;non;wordpress 4.9.27;2019;WordPress 4 | non responsive | copyright 2019
https://pizzafiesta.fr;Pizza Fiesta;;;8;oui;non;—;2015;balises désuètes: <font>,<center> | non responsive | copyright 2015
http://sushimarche.fr;Sushi Gourmet;;;8;oui;oui;joomla! - open source content management;2026;Joomla | non responsive | pas de HTTPS
https://african-evasion-pontault.fr;African Evasion;;;8;oui;non;—;2018;balises désuètes: <center> | non responsive | copyright 2018
https://pizzerialepacha.fr;Le Pacha;;;8;oui;non;—;2020;balises désuètes: <center> | non responsive | copyright 2020
https://resto-pinocchio.fr;Le Pinocchio;;;8;oui;non;notepad ++;2020;balises désuètes: <center> | non responsive | copyright 2020
http://tanguy-crepes.fr;Tanguy;;;8;oui;oui;—;—;balises désuètes: frameset | non responsive | pas de HTTPS
http://zazai.fr;Zazaï;;;8;oui;oui;—;—;balises désuètes: bgcolor | non responsive | pas de HTTPS
http://leptitbouchon.fr/;Le P'tit Bouchon;;;8;oui;oui;—;—;balises désuètes: frameset | non responsive | pas de HTTPS
http://aurelaisdanje.fr;Au Relais d'Anje;;;8;oui;oui;—;2023;balises désuètes: <font>,<center> | non responsive | pas de HTTPS
http://obuffet-angouleme.fr;O' Buffet;;;8;oui;oui;—;—;balises désuètes: frameset | non responsive | pas de HTTPS
http://labohemia.fr;La Bohémia;;;8;oui;oui;—;—;balises désuètes: <font> | non responsive | pas de HTTPS
http://www.alafraite.com/;Domaine de la Fraite;;;8;oui;oui;—;2026;balises désuètes: <font> | non responsive | pas de HTTPS
http://ptitbistrot.voila.net;Bar Restaurant Le P'tit Bistrot;;;8;oui;oui;—;—;balises désuètes: frameset | non responsive | pas de HTTPS
http://vieuxchateau.com;Ferme auberge du Vieux Château;;;8;oui;oui;—;—;balises désuètes: <center>,bgcolor | non responsive | pas de HTTPS
https://alrustico.weebly.com;Al Rustico;;;8;oui;non;—;2011;balises désuètes: <font> | non responsive | copyright 2011
http://etcikitchen.com;Etci Kitchen;;;8;non;oui;joomla! - open source content management;2023;Joomla | balises désuètes: <center> | pas de HTTPS
http://mikes-bistro.net;Mike's Bistro;;;8;oui;oui;—;—;balises désuètes: <font>,bgcolor | non responsive | pas de HTTPS
http://chezwitt.com;Chez Witt;;;8;oui;oui;—;—;balises désuètes: frameset | non responsive | pas de HTTPS
https://www.restaurant-ocourant.com/;O Courant;;;8;oui;non;—;1999;balises désuètes: <font> | non responsive | copyright 1999
http://fajitasparis.com;Fajitas;;;8;oui;oui;—;—;balises désuètes: <font>,bgcolor | non responsive | pas de HTTPS
http://www.bas-breau.com/;Hôtellerie du Bas-Bréau;;;8;oui;oui;—;2024;balises désuètes: <font>,<center> | non responsive | pas de HTTPS
https://manhattanpizza-versailles.com;Pizzeria Manathan;;;8;oui;non;—;2017;balises désuètes: <center> | non responsive | copyright 2017
https://unoparis.com;Uno;;;8;oui;non;—;1999;balises désuètes: <center> | non responsive | copyright 1999
http://latabledestan.com;À la Table du Bon Roi Stanislas;;;8;oui;oui;—;—;balises désuètes: frameset | non responsive | pas de HTTPS
http://leskorrigansduvidourle.com/;Les Korrigans du Vidourle;;;8;oui;oui;—;—;balises désuètes: frameset | non responsive | pas de HTTPS
https://www.angelparadies.guefel.com/;Güfel;;;8;non;non;wordpress 4.9.21;2016;WordPress 4 | balises désuètes: <font> | copyright 2016
https://laremise.net;La Remise;;;8;oui;non;—;1999;balises désuètes: <center> | non responsive | copyright 1999
https://phuket.cafelists.com;Phuket;;;8;non;non;wordpress 5.1;2019;WordPress 5 | balises désuètes: <center> | copyright 2019
http://restaurant-lepetitmontagnard.com;Le P'tit Montagnard;;;8;oui;oui;—;2026;balises désuètes: <center> | non responsive | pas de HTTPS
http://camardiere.free.fr;Ferme de la Camardière;;;7;oui;oui;—;1999;non responsive | pas de HTTPS | copyright 1999
http://saigon.albi.free.fr;Nouveau Saigon;;;7;oui;oui;—;1999;non responsive | pas de HTTPS | copyright 1999
http://www.sakesushi.fr/;Saké Sushi;;;7;oui;oui;—;2014;non responsive | pas de HTTPS | copyright 2014
http://rajmahal.fr;Raj Mahal;;;7;non;oui;wordpress 4.9.3;2017;WordPress 4 | pas de HTTPS | copyright 2017
http://le-vieux-mazot.fr;Le Vieux Mazot;;;7;oui;oui;—;2010;non responsive | pas de HTTPS | copyright 2010
http://pierre.seve.free.fr;L'Épicerie;;;7;oui;oui;—;2020;non responsive | pas de HTTPS | copyright 2020
http://sushiking77.fr;Sushi King;;;7;oui;oui;—;2014;non responsive | pas de HTTPS | copyright 2014
http://loubistrot.fr;Lou Bistrot;;;7;oui;oui;—;2015;non responsive | pas de HTTPS | copyright 2015
http://www.le-bistrot-liffre.fr/;Le Bistrot;;;7;non;oui;wordpress 4.9.29;2018;WordPress 4 | pas de HTTPS | copyright 2018
http://baraiode.fr/;Bar à Iode - Charonne;;;7;oui;oui;—;2017;non responsive | pas de HTTPS | copyright 2017
http://sakurasan.fr;Sakura san;;;7;oui;oui;—;1999;non responsive | pas de HTTPS | copyright 1999
http://sakuralifan.fr;Sakura;;;7;oui;oui;jhdesign;2014;non responsive | pas de HTTPS | copyright 2014
http://www.aiduesanti.com/it/index.html;Ai Due Santi;;;7;oui;oui;—;2012;non responsive | pas de HTTPS | copyright 2012
http://relaisdugois.com;Le Relais du Gois;;;7;oui;oui;—;2018;non responsive | pas de HTTPS | copyright 2018
http://albatros-10.com;L'Albatros;;;7;oui;oui;—;1999;non responsive | pas de HTTPS | copyright 1999
https://www.restaurant-lechelle.fr/;L'Echelle;;;6;oui;non;—;2026;balises désuètes: <font> | non responsive
https://adelita.fr;Adelita;;;6;oui;non;—;—;balises désuètes: <font> | non responsive
https://lemarquee.fr;Le Marquee;;;6;oui;non;—;2024;balises désuètes: bgcolor | non responsive
https://restaurantlesirocco.fr;Le Sirocco;;;6;non;non;wordpress 4.9.30;—;WordPress 4 | balises désuètes: bgcolor
https://www.lareserveangers.fr/;La Réserve;;;6;non;non;joomla! - open source content management;2026;Joomla | balises désuètes: <font>
https://pizz-a-tony-lunel.fr;Pizz'a Tony;;;6;oui;non;—;—;balises désuètes: <font> | non responsive
https://la-trinacria.fr;La Trinacria;;;6;oui;non;lauyan toweb 3.1.7.579;—;balises désuètes: frameset | non responsive
https://www.lepinceoreille.fr/;Le Pince Oreille;;;6;oui;non;—;—;balises désuètes: <center> | non responsive
https://www.lacasa-pizza.fr/;La Casa;;;6;oui;non;—;2026;balises désuètes: <font> | non responsive
https://lacavesaintleo.fr;La Cave à Bière;;;6;non;non;joomla! - open source content management;—;Joomla | balises désuètes: <font>
https://www.restaurant-le-goeland.fr/;Le Goëland;;;6;oui;non;—;2026;balises désuètes: <font> | non responsive
https://caux.fr;Cantine municipale;;;6;oui;non;—;2026;balises désuètes: <font> | non responsive
https://bistrolecarreau.fr;Le Carreau;;;6;oui;non;—;—;balises désuètes: <font>,<center>,bgcolor | non responsive
https://restaurant-la-plume.fr;La Plume;;;6;non;non;wordpress 5.9.15;—;WordPress 5 | balises désuètes: <font>
https://amordipizza.fr;Amor Di Pizza;;;6;oui;non;—;2025;balises désuètes: <font>,<center> | non responsive
https://seven-pizza.bzh;Seven Pizza;;;6;oui;non;—;2025;balises désuètes: <font>,<center> | non responsive
https://www.annadata.fr/;Annadata;;;6;oui;non;—;—;balises désuètes: <font> | non responsive
https://www.villamimouna.fr/;Villa Mimouna;;;6;oui;non;—;—;balises désuètes: bgcolor | non responsive
https://restaurant-tomo.fr;TOMO;;;6;oui;non;—;—;balises désuètes: <font>,<center>,bgcolor | non responsive
https://www.suzanne-montmartre.fr/;Suzanne;;;6;oui;non;—;2026;balises désuètes: <font> | non responsive
https://lybiapizza.fr;Lybia Pizza;;;6;oui;non;joomla! - open source content management;2026;Joomla | non responsive
https://restaurant-le-saprien.fr;Le Saprien;;;6;oui;non;—;—;balises désuètes: <center> | non responsive
https://marinsol.fr;Marin Sol;;;6;oui;non;joomla! - open source content management;—;Joomla | non responsive
https://hotel-petitrelais.fr;Le Petit Relais;;;5;non;non;wordpress 4.9.30;2016;WordPress 4 | copyright 2016
http://www.101express.fr/index.php;Le 101 Express;;;5;oui;oui;prestashop;—;non responsive | pas de HTTPS
https://leverbalon.fr;Le Verbalon;;;5;non;non;wordpress 5.9.13;2019;WordPress 5 | copyright 2019
https://www.airedesverites-montlucon.fr/;Aire des Vérités;;;5;oui;non;—;2021;non responsive | copyright 2021
http://le-bistrot-des-jardins.fr;Le Bistrot des Jardins;;;5;oui;oui;—;—;non responsive | pas de HTTPS
https://restaurant-thezan.fr;La Carte Timbrée;;;5;non;non;wordpress 4.9.30;2018;WordPress 4 | copyright 2018
https://sushifirst.fr;Sushi First;;;5;non;non;—;2020;balises désuètes: <center> | copyright 2020
http://lesterrassesdulac.fr;Les Terrasses du Lac;;;5;oui;oui;—;—;non responsive | pas de HTTPS
http://polo-auteuil.fr;Le Polo;;;5;oui;oui;—;—;non responsive | pas de HTTPS
http://pastapazza.fr;Pasta Pazza;;;5;oui;oui;—;—;non responsive | pas de HTTPS
http://pizzaliz.fr;Pizzaliz;;;5;oui;oui;—;—;non responsive | pas de HTTPS
http://relais-des-vieilles-postes.fr;Le Relais des Vieilles Postes;;;5;oui;oui;—;—;non responsive | pas de HTTPS
http://restaurant-petit-baigneur.fr;Le Petit Baigneur;;;5;oui;oui;—;—;non responsive | pas de HTTPS
https://www.cote-piste.fr/;Côté piste;;;5;oui;non;"elementor 3.31.3; features: additional_custom_breakpoints, e";2018;non responsive | copyright 2018
https://lentre-mers.fr;L’entre-mers;;;5;non;non;—;2020;balises désuètes: <center> | copyright 2020
https://lhuitredoc.fr;Les Jardins d’Oc;;;5;non;non;—;2021;balises désuètes: <center> | copyright 2021
http://restaurant-harmonie.fr;L'Harmonie;;;5;oui;oui;—;—;non responsive | pas de HTTPS
https://pizzeriailsoleditalia.fr;Il Sole d'Italia;;;5;non;non;wordpress 4.7.34;2016;WordPress 4 | copyright 2016
https://www.fleursdethym.fr/;Fleurs de Thym;;;5;oui;non;—;1999;non responsive | copyright 1999
http://cafe-de-la-mairie-78.fr;Café de la Mairie;;;5;oui;oui;—;2026;non responsive | pas de HTTPS
https://lepouillerot.fr;Le Pouillerot;;;5;non;non;wordpress 5.8.12;2021;WordPress 5 | copyright 2021
http://berberhygge.fr;BerbèrHygge;;;5;oui;oui;—;—;non responsive | pas de HTTPS
https://closducher.fr/index.php/fr/;Côté Jardin;;;5;non;non;joomla! - open source content management;2017;Joomla | copyright 2017
http://restaurant-cantina.fr;Cantina;;;5;oui;oui;—;—;non responsive | pas de HTTPS
https://www.restaurantle1200.fr/;Le 1200;;;5;non;non;joomla! - open source content management;2021;Joomla | copyright 2021
https://la-fourchette-de-leonie.fr;La Fourchette de Léonie;;;5;non;non;wordpress 5.7.2;2021;WordPress 5 | copyright 2021
https://comptoirdalesia.fr;Comptoir d'Alésia;;;5;oui;non;httrack website copier/3.x;2008;non responsive | copyright 2008
https://lesoleilduparc.fr;Le Soleil du Parc;;;5;oui;non;—;2014;non responsive | copyright 2014
http://latabledesfrangins.fr;La table des frangins;;;5;oui;oui;—;—;non responsive | pas de HTTPS
https://la-rotonde.webnode.fr;La Rotonde;;;5;oui;non;webnode;2015;non responsive | copyright 2015
http://parcelles-paris.fr;Parcelles;;;5;oui;oui;—;—;non responsive | pas de HTTPS
http://chezpippo.fr;Chez Pippo;;;5;oui;oui;—;—;non responsive | pas de HTTPS
http://steinwasen.free.fr;Auberge du Steinwasen;;;5;oui;oui;—;—;non responsive | pas de HTTPS
http://restaurant-lacantina-paris.fr;La Cantina;;;5;oui;oui;—;—;non responsive | pas de HTTPS
https://www.ilpinocchio.fr/;Il Pinocchio;;;5;non;non;wordpress 5.4.20;2019;WordPress 5 | copyright 2019
https://albatros-restaurant.fr;L'Albatros;;;5;non;non;wordpress 5.8.3;2021;WordPress 5 | copyright 2021
http://osakasushi78.fr;Osaka;;;5;oui;oui;—;—;non responsive | pas de HTTPS
http://malaterre.fr;Auberge de Malaterre;;;5;oui;oui;—;—;non responsive | pas de HTTPS
http://15baht.fr;15 Baht;;;5;oui;oui;—;2026;non responsive | pas de HTTPS
http://lapizz-bordeaux.fr;La Pizz;;;5;oui;oui;—;—;non responsive | pas de HTTPS
http://permayou.haut-bearn.fr;Le Permayou;;;5;oui;oui;—;—;non responsive | pas de HTTPS
http://oustaldemontibel.free.fr;L'Oustal de Montibel;;;5;oui;oui;—;—;non responsive | pas de HTTPS
https://www.super-restaurant.fr/;Super Pizza;;;5;non;non;—;2021;balises désuètes: <center> | copyright 2021
http://restaurantlacourdulouvre.fr;La Cour du Louvre;;;5;oui;oui;—;—;non responsive | pas de HTTPS
https://lerondpointmetz.fr;Le Rond Point;;;5;non;non;wordpress 7.0.3;2016;balises désuètes: <center> | copyright 2016
http://restaurantauxcocottes.fr;Aux Cocottes;;;5;oui;oui;—;—;non responsive | pas de HTTPS
https://aux3gourmandsduchateau.fr;Aux 3 Gourmands du Château;;;5;oui;non;—;1999;non responsive | copyright 1999
https://le-sucre-sale.fr;Le Sucré Salé;;;5;oui;non;—;2012;non responsive | copyright 2012
https://sidon.libanais-tours.fr;Ô Sidon;;;5;non;non;joomla! - open source content management;2017;Joomla | copyright 2017
https://spicyworld8.webnode.fr;Spicy World;;;5;oui;non;webnode;2012;non responsive | copyright 2012
http://alfreddemareil.fr;Alfred;;;5;oui;oui;—;—;non responsive | pas de HTTPS
http://restaurant-lebercail.fr;Le Bercail;;;5;oui;oui;—;—;non responsive | pas de HTTPS
http://lanetetu.fr;L'Âne Têtu;;;5;oui;oui;—;—;non responsive | pas de HTTPS
http://lepetitgraindesel.fr;Le petit grain de sel;;;5;oui;oui;—;—;non responsive | pas de HTTPS
http://tourisme.excenevex.fr;La Ginguette de la Plage;;;5;oui;oui;—;—;non responsive | pas de HTTPS
https://verona-antony.fr;Pizza Verona;;;5;oui;non;—;1999;non responsive | copyright 1999
https://al-ritrovo.fr;Al Ritrovo;;;5;non;non;—;2000;balises désuètes: <center> | copyright 2000
http://restaurantshanghai.free.fr;Restaurant Shanghai;;;5;oui;oui;—;—;non responsive | pas de HTTPS
http://lacreperieduroc.fr;La Crêperie du Roc;;;5;oui;oui;—;—;non responsive | pas de HTTPS
https://restaurantlapetiteardoise.fr;La Petite Ardoise;;;5;non;non;one.com web editor;2016;balises désuètes: bgcolor | copyright 2016
http://toyo79.fr;Toyo;;;5;oui;oui;2018.1.0.386;—;non responsive | pas de HTTPS
https://restaurant-iledor.fr;L'île d'or;;;5;non;non;wordpress 5.7.16;2021;WordPress 5 | copyright 2021
https://camping-laperle.fr;La Perle;;;5;non;non;joomla! - open source content management;1990;Joomla | copyright 1990
http://lemouflon-laplagne.fr;Le Mouflon;;;5;oui;oui;—;—;non responsive | pas de HTTPS
http://crous-versailles.fr;Restaurant universitaire;;;5;oui;oui;—;—;non responsive | pas de HTTPS
http://lafermebertrand.fr;ferme Bertrand;;;5;oui;oui;—;—;non responsive | pas de HTTPS
http://www.akamisushi.fr/;Akami Sushi;;;5;oui;oui;—;—;non responsive | pas de HTTPS
http://sushithidaily.fr;Thi Daily Coffret du gourmet;;;5;oui;oui;—;—;non responsive | pas de HTTPS
https://www.sushicreation.fr/homepage/index.html;Sushi Création;;;5;non;non;—;2020;balises désuètes: <font> | copyright 2020
https://odeslys-restaurant.fr;Ô dés lys;;;5;non;non;wordpress 5.4.20;2017;WordPress 5 | copyright 2017
https://restaurant-levolcan.fr;Le Volcan;;;5;oui;non;—;2021;non responsive | copyright 2021
http://restaurantlacitrouille.fr;La Citrouille;;;5;oui;oui;—;—;non responsive | pas de HTTPS
https://www.alapart.fr/;À La Part;;;5;oui;non;—;2021;non responsive | copyright 2021
http://relaisdelaloire.fr;Relais de la Loire;;;5;oui;oui;—;—;non responsive | pas de HTTPS
https://pizzashow.fr;Pizza Show Plus;;;5;non;non;—;2020;balises désuètes: <center> | copyright 2020
http://rusidda.fr;Rusidda;;;5;oui;oui;—;—;non responsive | pas de HTTPS
http://www.asahi14.fr/;Asahi;;;5;oui;oui;—;2026;non responsive | pas de HTTPS
http://restaurant-legalion.fr;Le Galion;;;5;oui;oui;—;—;non responsive | pas de HTTPS
http://lalanterna-lons.fr;La Lanterna;;;5;oui;oui;—;—;non responsive | pas de HTTPS
http://asmorfia.fr;à Smorfia;;;5;oui;oui;—;2022;non responsive | pas de HTTPS
http://nikko-lyon.fr;Nikko;;;5;oui;oui;—;—;non responsive | pas de HTTPS
http://legrainderiz.free.fr;Le grain de riz;;;5;oui;oui;—;—;non responsive | pas de HTTPS
http://leclosdelecuyer.fr;Le Clos de l'Écuyer;;;5;oui;oui;—;2025;non responsive | pas de HTTPS
http://restaurantmarcel.fr;Marcel;;;5;oui;oui;—;—;non responsive | pas de HTTPS
http://amedelys.fr;Amédélys;;;5;oui;oui;—;2026;non responsive | pas de HTTPS
https://tienhang.tien-hiang.fr;Tien Hiang;;;5;oui;non;—;2020;non responsive | copyright 2020
https://restaurant-lepanoramic.fr;Le Panoramic;;;5;oui;non;—;2016;non responsive | copyright 2016
http://terrabaravins.fr;Terra bar à vins;;;5;oui;oui;—;—;non responsive | pas de HTTPS
https://mikespizza.fr;Mike's pizza;;;5;oui;non;provensite;1999;non responsive | copyright 1999
https://restaurant-chez-marguerite.fr;Marguerite;;;5;non;non;wordpress 5.5.19;2021;WordPress 5 | copyright 2021
https://l-iris.fr;L'Iris Restaurant;;;5;non;non;—;2003;balises désuètes: <font> | copyright 2003
https://yakasushi.fr;Yaka Sushi;;;5;non;non;—;2014;balises désuètes: bgcolor | copyright 2014
https://schwartzsdeli.fr;Schwartz's Deli;;;5;oui;non;—;2009;non responsive | copyright 2009
https://souber.fr;l'etaP;;;5;non;non;wordpress 5.9.15;2021;WordPress 5 | copyright 2021
https://www.oishi11.fr/;Oishi;;;5;non;non;wordpress 5.2.25;2013;WordPress 5 | copyright 2013
http://restaurant-hotel-lesenfantsterribles34.fr;Les Enfants Terribles;;;5;oui;oui;—;2026;non responsive | pas de HTTPS
https://www.les-frigos.fr/;La cantine de l'aiguillage;;;5;non;non;wordpress 7.0.3;2021;balises désuètes: <center> | copyright 2021
https://restaurant-orchidee-07.fr/accueil_2;L'Orchidée;;;5;non;non;—;2021;balises désuètes: <font> | copyright 2021
http://aldar.fr;Al Dar;;;5;oui;oui;—;2026;non responsive | pas de HTTPS
http://yolo-suresnes.fr;YOLO;;;5;oui;oui;—;—;non responsive | pas de HTTPS
http://restaurant-leparis-metz.fr;Le Paris;;;5;oui;oui;—;—;non responsive | pas de HTTPS
https://manekineko76.fr;Maneki Neko;;;5;non;non;wordpress 5.3.22;2017;WordPress 5 | copyright 2017
http://restaurant-larchestrate.fr;L'Archestrate;;;5;oui;oui;—;—;non responsive | pas de HTTPS
http://lecabanon-arcachon.fr;Le Cabanon;;;5;oui;oui;—;—;non responsive | pas de HTTPS
http://restaurant-michel-13.fr;Chez Michel;;;5;oui;oui;—;—;non responsive | pas de HTTPS
http://letoiledargent.fr;L'Étoile d'Argent;;;5;oui;oui;—;—;non responsive | pas de HTTPS
https://hotellarenaissance.fr;La Renaissance Saint-Ferréol;;;5;oui;non;—;1999;non responsive | copyright 1999
https://agrology.fr;Agrology;;;5;oui;non;—;1999;non responsive | copyright 1999
https://lcancuna.fr;L’Cancuna;;;5;oui;non;webacappella 4.6.26 free (win);2021;non responsive | copyright 2021
https://scala-pithiviers.fr/fr/;La Scala;;;5;non;non;joomla! - open source content management;2015;Joomla | copyright 2015
http://moncommerce35.fr;La Cour du Temple;;;5;oui;oui;—;—;non responsive | pas de HTTPS
